-- MySQL dump 10.13  Distrib 5.6.41, for Linux (x86_64)
--
-- Host: localhost    Database: kebs_kebspoll
-- ------------------------------------------------------
-- Server version	5.6.41

/*!40101 SET @OLD_CHARACTER_SET_CLIENT=@@CHARACTER_SET_CLIENT */;
/*!40101 SET @OLD_CHARACTER_SET_RESULTS=@@CHARACTER_SET_RESULTS */;
/*!40101 SET @OLD_COLLATION_CONNECTION=@@COLLATION_CONNECTION */;
/*!40101 SET NAMES utf8mb4 */;
/*!40103 SET @OLD_TIME_ZONE=@@TIME_ZONE */;
/*!40103 SET TIME_ZONE='+00:00' */;
/*!40014 SET @OLD_UNIQUE_CHECKS=@@UNIQUE_CHECKS, UNIQUE_CHECKS=0 */;
/*!40014 SET @OLD_FOREIGN_KEY_CHECKS=@@FOREIGN_KEY_CHECKS, FOREIGN_KEY_CHECKS=0 */;
/*!40101 SET @OLD_SQL_MODE=@@SQL_MODE, SQL_MODE='NO_AUTO_VALUE_ON_ZERO' */;
/*!40111 SET @OLD_SQL_NOTES=@@SQL_NOTES, SQL_NOTES=0 */;

--
-- Table structure for table `members`
--

DROP TABLE IF EXISTS `members`;
/*!40101 SET @saved_cs_client     = @@character_set_client */;
/*!40101 SET character_set_client = utf8 */;
CREATE TABLE `members` (
  `id` int(11) NOT NULL,
  `hr_no` int(11) NOT NULL,
  `firstname` varchar(255) NOT NULL,
  `lastname` varchar(255) NOT NULL,
  `email` varchar(255) NOT NULL,
  `vote_status` int(2) NOT NULL,
  PRIMARY KEY (`id`)
) ENGINE=InnoDB DEFAULT CHARSET=latin1;
/*!40101 SET character_set_client = @saved_cs_client */;

--
-- Dumping data for table `members`
--

LOCK TABLES `members` WRITE;
/*!40000 ALTER TABLE `members` DISABLE KEYS */;
INSERT INTO `members` (`id`, `hr_no`, `firstname`, `lastname`, `email`, `vote_status`) VALUES (1,125,'LIHEMA','BARNABAS M','',0),(2,126,'NYABERI','SIMON ONGERI','',0),(3,128,'MUTINDA','AGNES MUTINDI','',0),(4,148,'NJUGI','LUCY M','',0),(5,164,'ATIENO','LOISE OKUOGA','',0),(6,176,'ONUONGA','MONICAH ','',0),(7,219,'KAREITHI','IRENE WANJIKU','',0),(8,223,'WAMAI','GRACE MUGURE','',0),(9,234,'GITIMU','MARY NJAMBI','',0),(10,273,'GUDA','SHABAN OMAR','',0),(11,282,'WAIGANJO','GABRIEL MURAGURI','',0),(12,290,'KINYANJUI','BEATREACE WANJIRU','',0),(13,294,'MACHARIA','CECILIA WANJIKU','',0),(14,295,'OGAJA','DINAH ATIENO','',0),(15,296,'OGECHI','BESTINA M','',0),(16,298,'MABEYA','EUNICE SARANGE','',0),(17,302,'OKOBA','AGNETA MBALANYA','',0),(18,305,'KANYANGA','ALBERT AZENGA','',1),(19,306,'KIMANI','DANIEL NJOGU','',0),(20,308,'OKELLO','ERNEST OYATA','',0),(21,311,'KARIUKI','CHRISTOPHER KIROBI','',0),(22,315,'ODERA','MONICAH A','',0),(23,341,'ODUOR','ALLAN O','',0),(24,348,'MAEBA','CHARLES ANYUGA','',0),(25,349,'MAUMBA','STEPHEN ONCHOMBA','',0),(26,353,'MASESE','CHARLES MACHUKA','',0),(27,355,'OGORI','PAUL NYERERE','',0),(28,358,'KIMANDU','JAMES M','',0),(29,368,'ONYIEGO','JAMES MAKORI','',1),(30,379,'BOGITA','JANE KERUBO','',0),(31,382,'KAMAU','JOYCE WANJIKU','',0),(32,384,'NJENGA','PAUL M','',0),(33,398,'CHEGE','BEATRICE WANGUI','',0),(34,402,'ASENA','LYNNETTE N','',0),(35,423,'MUROTE','JEFFERSON WAWERU','',0),(36,432,'MOTURI','DENNIS NYARANGI','',0),(37,434,'CHAGEMA','GRACE M','',0),(38,436,'RAMTU OWITI','CECILIA RAHAB','',0),(39,445,'MOSERA','MARGARET KEMUNTO','',0),(40,447,'OMBATI','WILFRIDA ','',0),(41,451,'OSORO','LUCY BONARERI','',0),(42,458,'MBOCHI','LUCY W','',0),(43,466,'KIRUI','LAWRENCE KIPROTICH','',1),(44,471,'ALEKE','MARGARET PENNIE','',0),(45,501,'WAKALO','NATHAN MWAKIO','',0),(46,508,'MAINA','NANCY WAHITO','',0),(47,510,'WAHOME','ROSELYNE WANJIRU','',1),(48,518,'GITHINJI','FREDRICK M','',0),(49,521,'MWANGI','JAMES GICHURU','',0),(50,528,'WAHOME','PURITY G','',1),(51,529,'OGOTI','HELLEN B','',0),(52,530,'MAKORI','CELESTINA MWENDE','',0),(53,534,'ORENGE','WALTER KOBI','',0),(54,536,'KARIUKI','PETER ','',1),(55,539,'EDWARD','WALTER O','',0),(56,542,'MARAMA','CHARLES MAKORI','',0),(57,545,'KARENGI','JACKSON MURIUKI','',0),(58,547,'ONDARI','WILFRED BOSIRE','',1),(59,552,'KIMANTHI','PATRICIA NTHENYA','',0),(60,553,'ODWORI','IMMACULATE A','',0),(61,554,'OBEWA','JARED OMONDI','',0),(62,557,'SHIKUKU','GRACE ONDIGO','',0),(63,558,'SIMIYU','IRENE N','',0),(64,561,'KIRUI','RHODA OLESI','',0),(65,572,'MUMBE','RICHARD N','',1),(66,574,'KAHINDI','MARGARET NYAMBURA','',1),(67,577,'MURIGI','PATRICK M','',0),(68,580,'MUTISYA','SHADRACK K','',0),(69,581,'NYAMWAMU','DORICA KERUBO','',0),(70,591,'LIHEMA','BARNABAS M','',0),(71,592,'OROO','ROSEMARY RWANGA','',0),(72,593,'NZIOKA','MARGARET K','',0),(73,594,'OTETE','HENRY N','',0),(74,597,'OSII','SHEM ODERO','',0),(75,601,'WABWIRE','LILIAN AJIAMBO','',0),(76,609,'KIBARU','IMMACULATE CIUMWARI','',1),(77,616,'KABALA','EMILY ANGWA','',0),(78,617,'BOGITA','ISAAC ONKOBA','',0),(79,619,'NYAMAI','LINCOLN MUTISYA','',1),(80,621,'OMWENGA','SOSPETER ANGWENYI','',0),(81,624,'NYANGAU','ONGERI ','',0),(82,631,'KANYITA','JEREMIA NDIBARU','',1),(83,645,'MOKAYA','JOSEPH MOKONOH','',0),(84,651,'ASANGO','JULIUS OCHWANGI','',1),(85,652,'MUKIMA','JOHN GACHUKI','',1),(86,660,'NZOMO','NDETI STEPHEN','',1),(87,662,'NGANGA','MARGARET W','',0),(88,664,'NYAKUNDI','MARY BASWETI','',0),(89,677,'KINGORI','EDWARD NDONGO','',0),(90,686,'KAMORE','BETTAH WANGARI','',1),(91,701,'NGINYI','EPHRAIM KINYUA','',0),(92,706,'WAMARI','PHOEBE A','',0),(93,711,'KIPSANG','NELSON LANGAT','',0),(94,714,'MUDACHI','ELVAS MALIGA','',0),(95,717,'ONDIEK','JANE JUMA','',0),(96,719,'RUKARIA','JOHN MURUNGI','',0),(97,729,'KIMWELE','JULIUS MAANZO','',1),(98,731,'MAINA','TERESIA WANGUI','',0),(99,734,'MAHINDA','ROSE GATHIGIA','',0),(100,735,'OTIENO','DANCAN OWINO','',1),(101,737,'KAGUMBA','NAOMI NJERI','',0),(102,738,'MUTHIGANI','LUCY W','',0),(103,742,'MBUTHIA','RUTH W','',0),(104,746,'MUIGA','WILSON MUREITHI','',0),(105,750,'OBONYO','HENRY MORANGA','',0),(106,755,'MUNYITHYA','ONESMUS MUSYIMI','',0),(107,757,'YEGON','MATHEW KIPLANGAT','',0),(108,760,'CHERUIYOT','VINCENT KIPNGETICH','',1),(109,762,'IRUNGU','LUCY WAKABARI','',0),(110,764,'OMOORIA','ADELBERT NYABUTO','',0),(111,765,'MUSEE','CHARLES JOHN','',0),(112,768,'NGANGA','PRISCILLA MUKUHI','',0),(113,770,'KIRUI','ERIC KIMUTAI','',0),(114,775,'OMBOK','ODERA SAMSON','',0),(115,779,'NZIOKA','JACKSON MUANGE','',0),(116,780,'MAIYO','ANDREW KIPRUTO','',1),(117,795,'AMUSAVI','FRANCIS MUDAKI','',0),(118,805,'MARU','CHARLES ','',0),(119,814,'MWATU','AGNES K','',0),(120,815,'GICURU','RODAH GACHAMBI','',0),(121,818,'OBAJE','JANE A','',0),(122,819,'MICHUKI','RAYMOND K','',0),(123,821,'SALERI','MUSA FUNDI','',0),(124,823,'GERO','FRANKLIN S','',0),(125,824,'KITILI','ANNAH N','',0),(126,827,'NJIHIA','RUTH WANGUI','',0),(127,829,'SHIARE','MARGARET M','',0),(128,830,'MUNGA','MAGDALENE NJERI','',0),(129,831,'MUGOH','JACKSON NYAMU','',0),(130,833,'ABEID','MARIAM ','',0),(131,835,'MBULU','ELIZABETH MUENI','',0),(132,841,'ONYANGO','ALICE AKOTH','',0),(133,845,'THAIRU','WACUKA KARUKU','',1),(134,846,'SULLE','OTIENO HABIL','',0),(135,847,'OGUK','GODFREY ONYANGO','',0),(136,852,'NJUGUNA','LAWRENCE KARIUKI','',0),(137,853,'NJOROGE','NELSON MAINA','',0),(138,855,'NJOROGE','DAVID KAGO','',0),(139,856,'WANJOHI','PETER MURIITHI','',0),(140,858,'GACHANJA','JOSEPH MATU','',1),(141,861,'OUTA','CAROLINE ANYISO','',0),(142,865,'ONDORO','DOMINIC OTIENO','',0),(143,868,'ONJORE','GORDON O','',0),(144,870,'ABIAH','RACHEL ','',0),(145,874,'OLALA','THOMAS ROBERT MBOYA','',0),(146,876,'MAMBOLEO','CHARLES NYANGAU','',0),(147,887,'GONA','JEMIMAH MSIGO','',0),(148,891,'SEKA','RICHARD ','',0),(149,892,'MAINA','FAITH W','',0),(150,893,'OKONGO','JOHN NYAMASI','',0),(151,895,'CHEGE','WILFRED WAIRENGE','',0),(152,901,'ONURA','MONICA AKINYI','',0),(153,902,'AKINYI','EUNICE BENTA','',1),(154,905,'OGUMBO','PAMELA AKINYI','',1),(155,911,'MONGONI','KENNEDY OMANGI','',1),(156,912,'ONJALA','PAUL OTIENO','',0),(157,913,'MTENGO','NASORO SAID','',1),(158,918,'NDUNGU','HUDSON KAMAU','',0),(159,919,'MASWACHE','ANTHONY OGOLA','',1),(160,920,'OGALLO','WALTER O','',0),(161,922,'GITHINJI','AGNES W','',0),(162,923,'MIHESO','BERNARD ','',0),(163,926,'KARIUKI','AGNES W','',1),(164,929,'GACHERU','SAMUEL RWAI','',0),(165,933,'MWATHA','ZACHEUS IRERI','',1),(166,934,'OGANGA','MICHAEL OMONDI','',0),(167,936,'MOKUA','COSMAS NYARIBO','',1),(168,937,'WAMBARI','CYRUS MUHOHO','',0),(169,938,'KINGOO','SIMON M','',0),(170,944,'TANUI','AMOS TOT','',0),(171,945,'MUREMBE','DAVID MASINDE','',1),(172,950,'MULI','ALEX JOHN','',0),(173,952,'KILASI','PEREZ ASHIEMA','',0),(174,953,'ODONGO','MAUREEN AKINYI','',0),(175,954,'ATIENO','FRANCISCA OLIECH','',0),(176,955,'MOKAMBA','JOYCE A','',0),(177,956,'NALIAKA','SUSAN MAKOKHA','',0),(178,958,'DICKSON','LILIAN ATIENO','',0),(179,961,'SONGORO','HAMISI MPINI','',0),(180,962,'OCHUNG','DANIEL NGIENDO','',0),(181,963,'MUHOR','SUSAN JAMESA','',0),(182,965,'WANJOHI','FLORENCE WAITHIENGENI','',1),(183,970,'OUGO','MELVINE ATIENO','',0),(184,972,'GITHAIGA','RAHAB WANGARI','',0),(185,977,'AGEMBO','CLARKSON NYAMBOK','',0),(186,978,'ONYANGO','ERICK OCHIENG','',0),(187,979,'KIMETO','PAUL K','',0),(188,980,'MARITIM','ANTHONY K','',0),(189,982,'NJENGA','PAUL RUBIA','',0),(190,983,'MWANGI','ANTHONY IRUNGU','',0),(191,985,'MBOLOI','STEPHEN N','',0),(192,986,'NJOROGE','HARRISON NJENGA','',0),(193,989,'KATTAM','PHILEMON SUMUKWO','',0),(194,990,'WANGAI','PURITY WANGUI','',0),(195,991,'BUTICHI','SAMSON ','',0),(196,995,'KALUI','CHRISTINE MUTHINI','',0),(197,997,'RONOH','CHERUIYOT BIRGEN','',0),(198,998,'NYAMBURA','ANDREW NGINI','',0),(199,1002,'WECHULI','LINET LUTASA','',1),(200,1003,'MAKAU','SCHOLASTICA M','',0),(201,1004,'KARIUKI','ESTHER MWIKALI','',0),(202,1005,'CHELIMO','BENJAMIN TOROTICH','',0),(203,1007,'MUNYORI','ANNE ','',0),(204,1008,'NDUNGU','JOHN NJUNIE','',1),(205,1012,'MUNORU','ALICE KAGONYA','',1),(206,1013,'KOMU','NAHASHON WACIRA','',0),(207,1014,'ODHIAMBO','JASHON ABOK','',0),(208,1015,'TSUWI','RICHARD KALAMA','',1),(209,1018,'OLWENY','KENNETH KAUNDA','',1),(210,1019,'ROTICH','HENRY KIBET','',0),(211,1020,'CHEPKWONY','DAISY CHEPKEMOI','',0),(212,1022,'KIGOTHO','MARGARET MWIHAKI','',0),(213,1024,'WAMAKARA','SARAH WANJIKU','',0),(214,1025,'MWAKAVI','SHADRACK MWINZI','',0),(215,1026,'ODUONGO','LUCAS NYAGAYA','',0),(216,1027,'ONDEKO','JOSEPH ','',0),(217,1029,'WANJIRU IKONYA','LUCY RACHEL','',0),(218,1030,'NDIRANGU','SUSAN WANJIKU','',1),(219,1034,'OWUOR','PETER ROBERT','',1),(220,1036,'MBAI','EDWARD ','',0),(221,1037,'NDISI','PETER M','',0),(222,1038,'WACHIRA','CHARLES NJUKI','',0),(223,1039,'AIRI','DOROTHY APONDI','',0),(224,1045,'CHELANGAT','MARGARET K','',1),(225,1046,'NZESYA','NICHOLAS MULWA','',0),(226,1047,'OPIYO','WARAH KIZITO','',0),(227,1049,'ONUONGA','FRANCIS OKETCH','',0),(228,1054,'TOGO','MAUREEN ADHIAMBO','',0),(229,1055,'KOSKEY','PAUL KIPKIRUI','',0),(230,1058,'KIPKOECH','NICHOLAS ','',0),(231,1060,'OKELO','SAMUEL ODHIAMBO','',0),(232,1061,'ONYANGORE','REUBEN GISORE','',0),(233,1062,'MUKUI','FRANCIS ','',0),(234,1065,'CHERUIYOT','ISAAC LANGAT','',0),(235,1067,'OMONDI',' EVELYN MUMBUA','',1),(236,1068,'KIMANI','DORCAS NDUTA','',0),(237,1069,'LAIBU','JOSPHINE MWAKITHI','',0),(238,1070,'MAKORI','ROSELINE NYANGATE','',0),(239,1071,'MPARE','VICTORIA MSHAI','',0),(240,1073,'DEDE','JUDE OCHIENG','',0),(241,1077,'OTOKI','ANTHONY GEKONGE','',0),(242,1080,'WAMALWA','MAURICE SIKUKU','',0),(243,1082,'NYAGAH','STEPHEN N','',0),(244,1083,'MARANGA','ALICE NYABOKE','',0),(245,1085,'ONGONGE','NELSON MANYALA','',0),(246,1086,'NGICHO','CHARLES ORWA','',0),(247,1089,'AGUTU','EVELYNE ACHIENG','',0),(248,1091,'OCHIENG','BENARD OWINO','',0),(249,1092,'OKONJO','JANE AUMA','',0),(250,1097,'GACUCA','VICTOR MWANGI','',0),(251,1099,'GITHUA','DENIES KIBERA','',0),(252,1101,'MAKOKHA','MARTIN KANGALA','',0),(253,1104,'MBAKA','REGINA NYAMOITA','',0),(254,1106,'ETSABO','CATHERINE MAPUSI','',0),(255,1107,'OYIEYO','ISAAC OKELLO','',0),(256,1112,'NYAKIAMO','MARTIN MUSWANYA','',0),(257,1113,'OKOTH','AMBROSE ','',1),(258,1115,'OKUMU','TOM ODUOR','',0),(259,1116,'NDUNGU','EVANSON ','',1),(260,1117,'NYAGECHI','ALBERT MATONGO','',0),(261,1118,'OYOO','OTIENO TITUS','',0),(262,1119,'NDUNGU','PETER NYANJUI','',0),(263,1123,'KAMOCHI','JOSEPH OMBIRO','',0),(264,1126,'SAWE','CHEMUTAI ','',0),(265,1128,'ARUNGA','DOUGLAS ODWOUR','',0),(266,1129,'MIENCHA','MONICAH KWAMBOKA','',0),(267,1132,'ONJOLO','SAMUEL OMOLO','',0),(268,1135,'CHESIRE','ERIC KIPTOO','',0),(269,1136,'NGUYO','BERNARD M','',0),(270,1138,'MAINA','JOHN KABUI','',0),(271,1139,'MWAURA','GEORGE STANLEY','',0),(272,1143,'KATAM','ENOCK ','',1),(273,1147,'MWANGI','MICHAEL M','',0),(274,1148,'KARIUKI','DEDAN GITHINJI','',0),(275,1150,'NJOROGE','SAMUEL NJAU','',0),(276,1151,'BANGI','JOSEPHAT ','',0),(277,1153,'MWAZO','MICHAEL M','',0),(278,1154,'WACHIRA','AUGUSTINE M','',0),(279,1155,'RONOH','BENJAMIN KIMUTAI','',1),(280,1156,'TONUI','DAVID KIPYEGON','',0),(281,1160,'MULONZYA','PETER MWANZA','',0),(282,1162,'PAUL','JOHN MANDI','',0),(283,1163,'KEROR','HILDAH ','',1),(284,1164,'KATHIRI','ANTHONY MITHAMO','',0),(285,1165,'OTIENO','GEORGE O','',0),(286,1166,'MACHARIA','ROBERT KAMAU','',0),(287,1168,'NJENGA','CHARLES MUNGAI','',0),(288,1169,'OKOTH','LIZA AKINYI','',0),(289,1170,'OPIYO','BEATRICE M','',0),(290,1171,'OMONDI','COLLINS ','',0),(291,1173,'NYAMBURA','CATHERINE GITONGA','',0),(292,1174,'KIMETO','DAVID KIPLAGAT','',0),(293,1175,'WANGAI','MOSES MWANGI','',0),(294,1178,'KEDERA','ROSE M','',0),(295,1179,'MUSILI','ALEX MUSYA','',0),(296,1180,'KIPCHUMBA','PATRICK KIPTOO','',0),(297,1181,'MWANGI','MOSES NJOROGE','',0),(298,1182,'NYAKORA','GODWIN CRISPINE','',0),(299,1183,'LANGAT','DOUGLAS KIPNGETICH','',0),(300,1187,'KIOKO','JAMES MUATHE','',1),(301,1189,'MUCHERU','REBECA WACUKA','',0),(302,1190,'ODINDO','MOSES WEBALA','',0),(303,1191,'KAMUNYA','PETER MUREITHI','',0),(304,1194,'MARSHALINA','CORETY ','',0),(305,1195,'ONYANGO','EDDAH ACHIENG','',1),(306,1196,'KIRUI','DAVID ','',0),(307,1197,'ODERO','MICHAEL OMONDI','',0),(308,1198,'ATIENO','SUSAN ALOO','',1),(309,1199,'OKUOGA','PETER OCHOO','',0),(310,1200,'KIBUNJA','JOEL KABURI','',0),(311,1201,'HASSERO','CAROLINE ','',0),(312,1203,'MANYARA','HELEN R','',0),(313,1204,'WANJALA','ANNE NELIMA','',0),(314,1206,'OLUOCH','CAROLINE ','',1),(315,1207,'OBARA','ESTHER MORAA','',0),(316,1208,'KANGARA','MAURICE N','',0),(317,1209,'CHEPKWONY','RICHARD KIBET','',0),(318,1211,'KWOMA','JONATHAN KHISA','',0),(319,1212,'ROP','GLADYS JEBET','',0),(320,1213,'KIRUI','LAWI KIPYEGON','',0),(321,1214,'SHIGADI','MILDRED ','',0),(322,1215,'OSEMBA','MILLICENT A','',0),(323,1216,'AGUTU','CLOY AUMA','',1),(324,1217,'KAVUKA','RENA IMBISI','',0),(325,1218,'WAEMA','JACQUELINE M','',0),(326,1219,'MOKUA','RACHAEL MORAA','',0),(327,1222,'KOYO','RAEL ATIENO','',0),(328,1223,'ELISHA','IRENE D','',0),(329,1224,'MWAIVU','EMILY EGWA','',1),(330,1225,'CHITWA','RITAH REBECCA','',0),(331,1229,'KOECH','WELDON KIPYEGON','',0),(332,1230,'MICHUBU','LAWRENCE MWITHALII','',0),(333,1232,'GITUKU','PHOEBE ','',0),(334,1234,'RONO','GILBERT KIBII','',0),(335,1235,'OLOLO','TOBIAS ANGILA','',0),(336,1238,'OKUNDI','VICTOR O','',0),(337,1239,'OKUNDI','HESBON O','',0),(338,1242,'RONOH','SAMWEL K','',0),(339,1243,'MUTUNGA','MARY KATUNGE','',0),(340,1244,'AGUKO','WILLIS OUGO','',0),(341,1253,'OMOLO','DAVID TED','',1),(342,1254,'SALERI','ABIGAEL MALEMBA','',0),(343,1255,'AKELLO','FLORENCE ','',1),(344,1256,'WASIGALA','JOSHUA JOSEPHAT','',1),(345,1259,'OYOMO','ALUOCH JOSHUA','',0),(346,1260,'OCHIENG','BEN ALUOCH','',0),(347,1261,'OMBWAYO','GEORGE AMEKA','',1),(348,1262,'OTOLO','THOMAS ONYANGO','',0),(349,1263,'BEREKO','ISMAIL ','',0),(350,1264,'MOSETI','GEORGE M','',1),(351,1265,'ODONGO','JARED ODHIAMBO','',1),(352,1266,'NJAU','PETER KAMAU','',0),(353,1267,'OMBATA','VERA ACHIENG','',0),(354,1268,'KAANE','FLORENCE M','',0),(355,1269,'LEIN','MARGARET MBOVI','',1),(356,1272,'CHERUIYOT','JOHN K','',0),(357,1273,'BIWOTT','EUNICE J','',0),(358,1274,'VALENTINE NGOYA','DORA FLAVIA','',0),(359,1275,'WERE','DISHON SHIKUKU','',0),(360,1276,'NEKESA','ROSEMARY ','',0),(361,1277,'LUNANI','ISABELLA K','',0),(362,1278,'KALA','SORA BORU','',1),(363,1280,'MBUI','HENDRITA MWADIME','',0),(364,1282,'BARBARETT','WESLEY M','',0),(365,1284,'LUGADIRU','BEATRICE CHEPKIRUI','',0),(366,1286,'ONYANGO','DOROTHY ACHOLA','',0),(367,1287,'CHIKA OKEYO','JOHN PAUL','',1),(368,1288,'MUTUI','CHRISTINE MWISULYA','',0),(369,1289,'CHUMO','SAMUEL KIBET','',0),(370,1291,'KIGO','PETER NJIIRI','',0),(371,1293,'MONAYO','POLYCARP N','',0),(372,1295,'LANGAT','GILBERT KIPNGETICH','',0),(373,1297,'MBALANYA','JOAB ','',0),(374,1298,'MWANGANGI','FIONA MWENDE','',0),(375,1299,'KITUA','JUSTUS MUINDI','',0),(376,1301,'BOYI','MOSES ODHIAMBO','',1),(377,1302,'OKWAKO','AGNES MSENYA','',1),(378,1304,'MATHE','AUSTIN RAYMOND','',1),(379,1305,'PETER','OLIMA JOSEPH','',0),(380,1306,'MBUGUA','SIMON KAMAU','',1),(381,1309,'ONYANGO','GRACE WANJIKU','',1),(382,1311,'ONDORO','CATHERINE BITENGO','',0),(383,1312,'KOMBE','JAMES ','',1),(384,1313,'IRUNGU','JAMES MWANGI','',0),(385,1314,'MUGENYA','ISAAC ','',1),(386,1315,'MKAMBURI','ROSE UZEL','',0),(387,1316,'OLWEYA','BELINDA AKOTH','',1),(388,1321,'MAKHANU','JOAN KHAYINJA','',0),(389,1323,'ALI','YUSUF DAYIB','',0),(390,1324,'AHMED','ANTAR AMIN','',1),(391,1325,'MUTISYA','PAUL M','',1),(392,1328,'OTIENO','WALTER ','',0),(393,1329,'LUVONGA','CALEB ','',1),(394,1331,'RACHUONYO','MICAH OLUOCH','',1),(395,1332,'NAMUTALA','PETER WANYONYI','',1),(396,1333,'ACHESA','NEHEMIAH MOSES','',0),(397,1334,'KIBOCHA','LUCY WAIRIMU','',0),(398,1335,'KANGIRI','JAQUELINE NJERI','',0),(399,1336,'KOSGEY','WILSON KIMAYO','',0),(400,1337,'OGEMBO','ROLAND MWAI','',0),(401,1338,'NGUZO','EMMANUEL NDOLO','',0),(402,1339,'SINDANI','BERNARD WALUMBE','',0),(403,1340,'KOSKEI','EUNICE CHERONO','',0),(404,1341,'OUMA','FLORENCE AWINO','',1),(405,1342,'WANYONYI','CATHERINE NANGILA','',0),(406,1343,'KISULU','FLORENCE MARY','',0),(407,1344,'OKOTH','ALFRED OCHIENG','',0),(408,1345,'CHEROTICH','REDEMTA ','',1),(409,1347,'OKOTH','MONICA ATIENO','',0),(410,1348,'MUTUA','DAVID KASYOKI','',0),(411,1350,'KIRUI','PATRICK KIPKEMOI','',0),(412,1351,'AKOLO','PAUL BARRISON','',0),(413,1353,'AGUKO','GIBSON OCHOLA','',0),(414,1355,'OUMA','MARGARET KOLA','',0),(415,1356,'OTEKO','JOHN OTIENO','',1),(416,1359,'NYABICHA','JOSHUA ONDIEKI','',1),(417,1360,'MAINA','JANE WACHUKA','',0),(418,1363,'NJINE','IRENE NYAWIRA','',0),(419,1364,'NGUKU','MICHAEL MUNYAO','',0),(420,1365,'IBRAHIM','AHMED ','',1),(421,1366,'MUTUA','PETER NZYIMI','',1),(422,1367,'ANYANGA','HELLEN SEKA','',0),(423,1369,'OMBONGI','GLADYS MOGOI','',0),(424,1370,'OMAR','HASSAN SAID','',0),(425,1371,'MUGAMBI','JOTHAM MUTETHIA','',0),(426,1372,'CHEPKANIA','ZACHARIA LUKORITO','',0),(427,1373,'JUMA','BONFACE ONYANGO','',0),(428,1374,'KINGORI','JOHN MAINA','',0),(429,1375,'MUTHURI','MUTUMA ','',0),(430,1376,'WAMBUA','ONESMUS MWILU','',1),(431,1379,'KUBENDE','ROSE CHESOLI','',0),(432,1380,'NDUNDA','ROSE KATUNGE','',0),(433,1381,'WASHIEMBI','SERUYA ASHIEMBI','',0),(434,1382,'GETAMBU','ISAAC MURIITHI','',1),(435,1383,'MBULIKA','WINSTON MBWAYA','',0),(436,1385,'OMUTEKETE','VIOLET DEBORA','',1),(437,1387,'LUBALLO','JEREMIAH OHAWA','',0),(438,1388,'ACHIENG','CELESTINE ATIENO','',1),(439,1389,'MAKAU','ROSELYN NTHENYA','',0),(440,1391,'MASIBO','MARTIN WANYONYI','',1),(441,1392,'MAIMBA','ZIPPORAH WANGARI','',0),(442,1393,'MANNARA','CHARLES ','',0),(443,1394,'MITHAMO','ALICE WANGECHI','',0),(444,1395,'MUGAMBI','JANUARIUS K','',1),(445,1397,'OKWERO','EVERLYN OCHIENG','',1),(446,1399,'WANDETO','GEOFFREY NGARI','',0),(447,1400,'SIMIYU','WILSON NAMARU','',0),(448,1401,'KATETE','JOEL MWANGANGI','',0),(449,1403,'OMBONGI','JARED MATICHA','',1),(450,1405,'NABULE','STEPHEN TEDDY','',1),(451,1406,'MUINDE','GRACE MBITHE','',0),(452,1407,'MUTUA','VICTOR MBITHI','',0),(453,1411,'GOGOH','STEPHEN MWANGALA','',0),(454,1413,'JOHN','TERESIA MUENI','',0),(455,1418,'MURIITHI','JOHN MUTHIKE','',0),(456,1420,'NJENGA','PETER ','',1),(457,1421,'IMBAYA OFULA','VIVIAN BEVALYNN','',0),(458,1422,'AMIMO','ROSE KARANI','',1),(459,1423,'MIREMBO','EVERLYNE KADARI','',0),(460,1424,'MUTUKU','CECILIA MBINYA','',0),(461,1425,'WASHIKA','AMOS OGUTU','',1),(462,1426,'SIELE','BENARD KIPNGETICH','',1),(463,1428,'CHANGA','STEPHEN KITSAO','',1),(464,1429,'KIMTAI','JULIET KIMOI','',1),(465,1431,'CHAO','DINAICE HARIET','',0),(466,1432,'DETELA','MWANAMWAKA MWIKE','',0),(467,1433,'KIMANTHI','JULIA MUMBUA','',0),(468,1434,'MWALAVU','DANIEL ','',1),(469,1435,'MWANYAMBA','CORNELIUS ','',0),(470,1436,'TINEGA','DANIEL ABUYA','',1),(471,1437,'ASER','ESTHER W','',0),(472,1438,'WANYOIKE','JOHN KARANJA','',1),(473,1439,'MASILA','DAVID N','',0),(474,1440,'KIPKEU','PHILIP ','',0),(475,1441,'WABUKO','JOSEPH AMIMO','',0),(476,1443,'AGUFA','WARREN KAMASI','',0),(477,1444,'KWAMBAI','JOSEPH KIPKORE','',0),(478,1446,'KELI','BENSON MAWEU','',0),(479,1447,'MUSALU','SHADRACK KISILU','',1),(480,1450,'SUBA','GEORGE O','',0),(481,1451,'MUSAU','REGINA N','',1),(482,1452,'NZEMBI','JOHN MUTYAUVYU','',1),(483,1453,'KAMAU','JANET W','',0),(484,1455,'MUSALIA','CHARLES EBOSO','',1),(485,1456,'AKWISIERA','BETTY A','',0),(486,1457,'AURA','EGLAY AMAKOBE','',0),(487,1459,'MANYENZE','ADELAIDE MWENDE','',1),(488,1461,'INGOLO','KENNETH KEYA','',0),(489,1462,'MUTISO','RACHAEL MUENI','',0),(490,1463,'ALI','AHMED ADEN','',0),(491,1464,'OSMAN','IBRAHIM ALI','',0),(492,1465,'AMIMO','SILVESTER ELPHAS','',1),(493,1466,'KIBISU','JOANNE MMBONE','',0),(494,1467,'MANGOKA','BENEDICT MUEMA','',1),(495,1468,'GACHERU','ROSE WANGUI','',1),(496,1469,'MUTERIA','MIKE MAWIRA','',0),(497,1470,'KURUMA','SAMUEL IRUNGU','',1),(498,1471,'KUDWOLI','NOELLA EVE','',0),(499,1472,'ADHOLA','CELESTINE ATIENO','',1),(500,1473,'MUSEYWA','WYCLIFFE CHABAGA','',0),(501,1474,'NGERA','MONICA NJOKI','',1),(502,1475,'MIREGWA','LYNNET KWAMBOKA','',1),(503,1477,'WACHOMBA','ANTHONY IRUNGU','',1),(504,1478,'NUNO','AHMED MOHAMED','',1),(505,1479,'DIGALE','KATRA ABDI','',0),(506,1480,'OSUNDWA','STEPHEN OMURUNGA','',0),(507,1481,'NGOGE','EVANS MATAGARO','',0),(508,1482,'HAJI','KAMAL SAID','',1),(509,1484,'MUSYOKI','EUNICE KALUNDE','',0),(510,1485,'MWANZIA','ERIC KITONGA','',1),(511,1486,'OBAT','HEZEKIAH FRANCIS','',0),(512,1488,'MAKALE','SUSAN DORIKA','',1),(513,1490,'MWANGANGI','VICTORIA MUNYIVA','',1),(514,1491,'NGUGI','MICHEAL M','',0),(515,1492,'RONO','JONAH KIPKOECH','',0),(516,1493,'NDUVA','CATHERINE N','',0),(517,1494,'MUSYOKI','SAMUEL MUTUKU','',0),(518,1495,'NDERITU','BILHAH MURUGI','',1),(519,1497,'JIMMY','JOHNBOSCO TULA','',0),(520,1498,'KISILU','ELIZABETH MUTIO','',0),(521,1499,'RUTOH','CAROLINE CHEMUTAI','',0),(522,1500,'OGOLLA','GRACE A','',1),(523,1501,'KOECH','KENNEDY ','',1),(524,1502,'AURA','ALICE M','',0),(525,1503,'CHANGWANY','PHILIP K','',1),(526,1504,'NZUVE','TOM N','',0),(527,1505,'OTIENO','VERAH AKOMO','',1),(528,1506,'MOMANYI','JANET KEMUNTO','',1),(529,1507,'KAMAU','MARY MUTHONI','',0),(530,1508,'NDIRITU','ANN WANGECHI','',1),(531,1509,'KAROMO','JOHN GATHURU','',1),(532,1510,'AMWAYI','WILLIAM OMUKHWESO','',0),(533,1512,'WESONGA','BENJAMIN PANYAKO','',1),(534,1513,'MAKAN','PETER KIPROP','',0),(535,1514,'NJERU','JOHN RUGENDO','',0),(536,1516,'MUTEMI','WAMBUA AMOS','',0),(537,1517,'KITHEKA','REUBEN MUSYOKI','',0),(538,1518,'SHAMIM','ABDALLA MUSTAFA','',1),(539,1519,'OWITI','PIUS NYAGWALA','',1),(540,1520,'MUTHUO','JACQUELINE NJERI','',0),(541,1521,'KIBII','WILFER KIPKORIR','',1),(542,1526,'LANGAT','LISTONE KIPKIRUI','',1),(543,1527,'SHIKANGA','DAISY MMOJI','',0),(544,1528,'CHOMBA','SIMON ','',1),(545,1530,'KROP','EDNAH CHEPTOO','',0),(546,1531,'KINDIKI','MARYANN MUKETHI','',0),(547,1532,'MUTURI','PAULINE WANGUI','',0),(548,1533,'MAUNDU','ELIZABETH MUTHOKI','',0),(549,1534,'MWAURA','EVANSON NGANGA','',1),(550,1535,'OUNDU','SETH NGESO','',1),(551,1537,'CHEPTOO','VALLERY JEPKOECH','',0),(552,1540,'MUTUNGI','JACOB NZIOKA','',1),(553,1541,'ABDI','KHAIRA MOHAMED','',0),(554,1542,'KAGUANGA','BENSON BUNDI','',1),(555,1543,'MUKHWANA','BENARD O','',0),(556,1544,'MURIUKI','JAMES K','',1),(557,1546,'IBAYA','ZEPHANIA MAITHIMA','',0),(558,1547,'GITAU','JIMMY NDUNGU','',1),(559,1548,'KATHENYA','NAHASHON M','',0),(560,1549,'HUSSEIN','ZAHRA MOHAMED','',0),(561,1550,'RUGUT','ALOICE K','',0),(562,1551,'ORWA','TABITHA OWITI','',1),(563,1552,'KALOKI','CATHERINE MBULA','',0),(564,1553,'EBOI','MILDRED DANGAI','',0),(565,1554,'WEKESA','ANJELLAH NALIAKA','',0),(566,1555,'WERE','KATHERINE KHADIALO','',0),(567,1557,'KITUR','NAOMI JEBICHI','',0),(568,1559,'WAWERU','JULIA NJOKI','',1),(569,1560,'BITOW','FOZIA DEKOW','',0),(570,1564,'KIVENGEA','VERONICA KANINI','',0),(571,1565,'MUNGAI','SYLVESTER NJOROGE','',0),(572,1567,'MARWA','FRANCIS SIRARE','',1),(573,1568,'ONYONI','LYDIA NYAMBEKI','',1),(574,1569,'KAGWIRIA','SUSAN KIRIMI','',1),(575,1570,'MANYARA','STEPHEN B','',1),(576,1571,'CUMARI','GEORGE MUNGAI','',1),(577,1573,'KEDII','MARTIN K','',0),(578,1575,'TULIAKONG','BENJAMIN SEROI','',1),(579,1576,'MUGAMBI','MICHUBU ','',0),(580,1577,'ATHOO','THOMAS OCHIENG','',0),(581,1578,'BOWEN','CATHERINE JEPCHIENG','',0),(582,1579,'ONYANGO','ERIC','',0),(583,1581,'MUTIE','IRENE MWENDE','',1),(584,1582,'MATHANGANI','PAULINE WANJIKU','',0),(585,1583,'MUTAVA','JOYCE MWONGELI','',1),(586,1584,'FEISAL','FARAH BILLOW','',0),(587,1585,'BYEGONE','FLORENCE','',0),(588,1586,'MUNYI','DORCAS KARWITHA','',1),(589,1587,'OMONDI','FRANCIS JOMO','',1),(590,1588,'OGENDI','CONSTANCE KEMUNTO','',0),(591,1589,'EMONYI','HUMPHREY KAYANGE','',0),(592,1590,'POLA','OLIVER KITSAO','',1),(593,1591,'WAMALWA','PAULINE NAFULA','',0),(594,1592,'KARIUKI','MARY WANJIRA','',0),(595,1593,'ENDEKI','ROSE AYIDI','',1),(596,1594,'AWUOR','MARGARET ONURA','',0),(597,1595,'NTHITU','ZIPPORAH KAMWETHYA','',0),(598,1596,'KIRWA','PETER KIMARU','',1),(599,1597,'KAPTEI','NAOMI ','',0),(600,1598,'TERER','DANIEL KIPSUM','',0),(601,1599,'MURAGURI','JAMES NGARI','',0),(602,1600,'OMULOGOLI','DANIEL MUSHIRA','',1),(603,1601,'ONSARE','SAMSON MATICHA','',0),(604,1602,'KILONZO','ALEXANDER KATIKU','',0),(605,1603,'KITUI','DANIEL MASAKE','',1),(606,1604,'MUSYOKA','HELLEN MUTHIKWA','',0),(607,1605,'MWENGA','ANGELA NDUKU','',1),(608,1606,'KIBOR','WESLEY ','',1),(609,1607,'KIGUTA','LUIZA WANJIKU','',0),(610,1608,'KIILU','JANET MUTHOKI','',0),(611,1609,'MORANGA','WYCLIFFE CHWEYA','',0),(612,1610,'KANGARA','ZIPPORA NJOKI','',0),(613,1611,'MWANGI','JEREMIAH KINYUA','',0),(614,1614,'OTWORI','FRED NYAKUNDI','',0),(615,1616,'KARONEY','MUNIRA CHEPKIRUI','',1),(616,1617,'LUBEMBE','CAROLINE KHATIEVI','',0),(617,1618,'CHEPKOK','JACKSON KIPKULYOS','',1),(618,1619,'MUMBUA','SCHOLASTICA ','',0),(619,1620,'MUENDO','BONIFACE MBITHI','',1),(620,1621,'SIVITARI','HUDSON LUTATWA','',0),(621,1622,'MUTUNE','FRANCIS MUTISO','',0),(622,1623,'CHEROTICH','FANCY MOSONIK','',0),(623,1625,'MAKORI','DORCAS ','',0),(624,1626,'ANAM','ANDREW OCHIENG','',0),(625,1627,'DEYA','OTIENO ALLAN','',0),(626,1628,'MUSYOKA','NZUBA JEROME','',0),(627,1630,'MAKORI','JAMES KIONGA','',0),(628,1631,'WANYOIKE','ELIZABETH WANJIRU','',0),(629,1632,'OMBIRO','EVANS MOGUNDE','',0),(630,1633,'BUTTUK','MIKE KIPTUM','',0),(631,1634,'ONGACHI','PHANICE ','',0),(632,1635,'SANYA','SELMA SHIKUKU','',0),(633,1636,'AKOOLO','MACKLOWER ABISAI','',0),(634,1638,'KOYI','JOHN BLASIO','',0),(635,1639,'NYARATH','THOMAS HIRUMI','',1),(636,1640,'KIROTICH','THOMAS YEGO','',0),(637,1646,'KARAU','GEOFFREY MURIIRA','',0),(638,1647,'MAINA','ANDERSON ','',1),(639,1649,'BIRGEN','EUSILAR ','',0),(640,1650,'ADEN','AHMEDSHUKRI MOHAMED','',1),(641,1651,'FARAH','ABDI ABDULLAHI','',0),(642,1652,'MAINGI','GEORGE MUSYOKA','',1),(643,1653,'KABAYA','SALOME KAWIRA','',1),(644,1654,'SHADRACK NYAGA','JIM MUTHOMI','',1),(645,1655,'KARANJA','WANJIKU MUINAMI','',0),(646,1656,'HILLARY','JAMES NZAU','',0),(647,1658,'JEPTOO','SALINA KIBIY','',1),(648,1659,'NZIOKI','JAMES MAURICE','',1),(649,1660,'MBURU','ROBERT NJUGUNA','',0),(650,1661,'WANGARA','PETER MAINA','',0),(651,1662,'NJIRU','JOSHUA MUGENDI','',0),(652,1663,'MUSITA','GODFREY NGANYI','',0),(653,1664,'CHEGE','IMMACULATE NYAMBURA','',0),(654,1665,'CHELOTI','LEAH NANYAMA','',0),(655,1666,'LANGAT','FELIX KIPNGETICH','',1),(656,1667,'GITUMBI','LUCY WANJIKU','',0),(657,1668,'OBBANDA','DAN ELIEZER','',0),(658,1669,'KOTI','MARGARET MWIKALI','',1),(659,1670,'OGALLO','JARED MBOYA','',0),(660,1671,'ABDULLA','HASSAN ABDI','',0),(661,1673,'NKATHA','BETTY ','',1),(662,1674,'MUNENE','CHARLES MUGAMBI','',0),(663,1675,'MBOA','ALEX SANGONDA','',0),(664,1677,'ACHOKE','FRED POWON','',1),(665,1678,'KOMU','CLEMENT MUMO','',0),(666,1679,'ABDIRAHMAN','MOHAMED KHALIF','',0),(667,1680,'KOGO','OBADIAH KIPTOO','',0),(668,1681,'OMINDI','FELIX OCHIENG','',1),(669,1682,'MWANIKI','DANIEL MATIVO','',0),(670,1683,'NYANGAU','WILSON OMBATI','',0),(671,1684,'NJUE','REX MUNENE','',0),(672,1685,'MUSTA','DANIEL KHAMBA','',0),(673,1686,'MNJALA','JOSEPH MKALLA','',0),(674,1687,'MUTHUI','JOSHUA MUEMA','',0),(675,1688,'OMOLLO','JACKLINE ANYANGO','',0),(676,1689,'NGOMBO','ROBERT KITTI','',1),(677,1691,'SABUSAGA','LILIAN IMARI','',1),(678,1692,'ORWENYO','LUCY MORAA','',0),(679,1693,'NDEGE','MARTIN MURIUKI','',0),(680,1694,'CHEPCHIRCHIR','HELLEN ','',0),(681,1695,'KAZUNGU','AGNES PENDO','',0),(682,1696,'NKIROTE','EDITH KABARAU','',0),(683,1697,'MKALA','MARCIANA WAKESHO','',0),(684,1698,'KABURU','WILKINS MUTWIRI','',0),(685,1699,'RUBITHIA','CATHERINE NYOKABI','',0),(686,1701,'ODAK','RICHARD CHALA','',1),(687,1702,'MUKOLYA','MESHACK MUSYOKI','',1),(688,1703,'RAKUA','EMMANUEL LUBULU','',1),(689,1704,'RONO','JAPHETH KIBET','',0),(690,1705,'OSURI','JACOB LWANDE','',0),(691,1706,'KORSAI','SYLVIA NAISULA','',0),(692,1707,'OGANGO','DENIS ONYANGO','',1),(693,1708,'MUTHEKE','LEINAD MWENDWA','',1),(694,1709,'MAATO','GASPER OYUGI','',1),(695,1710,'SHAKE','ROBIN ','',0),(696,1711,'BORE','CALVIN KIPCHIRCHIR','',0),(697,1712,'CHEPKWONY','MARK KIPYEGON','',0),(698,1713,'AWOUR','EDITH ','',0),(699,1714,'OPIKO','ANTHONY OCHOLA','',0),(700,1715,'MUTAHI','JACQUELINE KAGURE','',0),(701,1716,'SEREM','FLORAH CHEPTEPKENY','',0),(702,1717,'WAKHUNGU','MARYSTELLA NASIMIYU','',0),(703,1718,'RONO','DAVID KIPKEMOI','',1),(704,1719,'WANZILA','ANN NDUKU','',1),(705,1720,'THOMAS','EUNICE MBITHE','',0),(706,1722,'MUKONZO','WINFRED WAYUA','',0),(707,1723,'CHEPKWONY','PHILIP KIPKIRUI','',0),(708,1724,'ASENA','DEREK MWENESI','',0),(709,1725,'ODHIAMBO','JOSHUA MALACHI','',1),(710,1726,'ONSONGO','SAMUEL OMBEKA','',1),(711,1727,'MAINDI','ARNOLD KELVIN MWAKALE','',1),(712,1728,'NGURE','BARBARA WANJIKU','',1),(713,1729,'NJERI','PETER NDUNGU','',0),(714,1730,'NGOVI','SYLVIA NDUKU','',0),(715,1731,'MUSAU','MATHIAS MUINDI','',0),(716,1732,'MALIKA','AGNETAH','',0),(717,1733,'AWINO','CALVIN OUMA','',0),(718,1734,'KIBARU','BRIAN MUGAMBI','',1),(719,1735,'NDONG','HELLEN JANET','',0),(720,1736,'GATHONDU','HELEN WAHU','',0),(721,1737,'MARIACH','NAOMI CHEPENGAT','',1),(722,1738,'BORE','JOY CHEKOLUM','',0),(723,1739,'OBIERO','STEVEN SUNGA','',1),(724,1740,'MABWA','CALVIN TEELA','',0),(725,1741,'KIMUTAI','DAVIS LANGAT','',0),(726,1742,'RACHIER','LAMECK OPIYO','',0),(727,1743,'MUTHINI','VIRGINIA MUTIO','',0),(728,1745,'SITUMA','TITUS KHWATENGE','',0),(729,1746,'ONGUSO','GEOFFREY ONDARA','',0),(730,1747,'NJUGI','JANET NYAMBURA','',1),(731,1748,'NJERI','ISAAC KIBE','',0),(732,1749,'WAMBUI','LIVINGSTONE GITAU','',0),(733,1750,'AMBATA','KENNETH KAUNDA','',0),(734,1751,'ONDARI','SHEM ONSONGO','',0),(735,1752,'MATHEKA','MARK MASIKA','',0),(736,1753,'MUSEMBI','MARTINE WANZA','',1),(737,1754,'OTANGA','JOANNE AMBATSA','',1),(738,1755,'MAHUGU','BERNARD MOYI`','',1),(739,1756,'WANYONYI','MARTIN MUKHWANA','',0),(740,1757,'MMBWANGA','BRIAN KIMANYANO','',0),(741,1758,'KHAMASI','GERRY IMBALI','',1),(742,1759,'CHEPKIRUI','WINNIE ','',1),(743,1760,'WAINAINA','JANE WAMBOI','',1),(744,1761,'RASANGA','LUISE NUDI','',0),(745,1762,'MUTISYA','LILIAN MUTIO','',1),(746,1763,'ONUKO','DANIEL AMBROSE OSUMBA','',1),(747,1764,'OWUOR','MILLICENT ','',1),(748,1765,'WAINAINA','NICHOLAS NGANGA','',1),(749,1766,'GILLY','DICKENCE OMONDI','',0),(750,1767,'KIMONGE','DANIEL ','',0),(751,1769,'NYAMBUORO','DAVID ODHIAMBO','',0),(752,1770,'KARIUKI','MICHAEL WAMUNYU','',0),(753,1771,'MUKHONGO','IGNATIUS BRUNO','',0),(754,1772,'NGETA','PETER MATHEKA','',0),(755,1773,'SIGEI','LEORNARD KIBET','',0),(756,1774,'NYANARO','SAMUEL MOGIRE','',0),(757,1775,'KWEYA','FAITH LEAH','',0),(758,1776,'RUTO','ANGELA ','',0),(759,1777,'OKELLO','PRISCILLA AKINYI','',1),(760,1778,'ODHIAMBO','ELEKIAH ','',0),(761,1779,'ODINGO','SHADRACK OGOLLA','',1),(762,1780,'ATANCHA','CHRISTOPHER TOM','',1),(763,1781,'OLONGA','ARDON O','',0),(764,1783,'KIBETT','CHRISTOPHER ','',1),(765,1784,'MOHAMED','ABDIKADIR MURSAL','',1),(766,1785,'ONGWAE','CHARLES OGEGA','',0),(767,1786,'ATEKA','GRACE ANUNDA','',0),(768,1787,'BOSONGO','FREDRICK CHERUIYOT','',0),(769,1788,'KIMANI','EPHRAIM GICHOHI','',1),(770,1789,'NYAMWANGE','MERCY KERUBO','',1),(771,1790,'KINUTHIA','DENNIS MWANGI','',0),(772,1791,'KIBOGO','SAMUEL MWALEWA','',0),(773,1792,'KIMAIYO','NETTY JERUTO','',1),(774,1793,'ONCHIRI','DORINE KERUBO','',0),(775,1794,'MRIMA','DORCAS DIANA MBODZA','',0),(776,1795,'KASIWAI','CAROLINE CHEPKORIR','',0),(777,1796,'KIPKIRUI','BERNARD LANGAT','',0),(778,1797,'HASSAN','ABDIKHEIR MOHAMED','',1),(779,1798,'OGLE','MALYUN MOHAMED','',0),(780,1799,'KILLY','BARNABA KIPKETER','',0),(781,1800,'ESEKON','PAUL EKATAPAN','',1),(782,1801,'KIPSANG','MERCY JEROTICH','',0),(783,1802,'OMAR','ABDIKADIR SULEIMAN','',0),(784,1803,'NYANGENA','CLIFF OKIOMA','',0),(785,1804,'TORKOSH','PHILEMON LEPARAN','',1),(786,1805,'KISIANGANI','DAVID NASOKHO','',0),(787,1806,'KOGO','ELISHA KIPKEMBOI','',1),(788,1807,'NYAGARA','VINCENT MOTURI','',1),(789,1808,'MASWAI','GEORGE KIPKIRUI','',1),(790,1809,'OUKO','BENJAMIN OCHOLA','',1),(791,1810,'MUCHINA','RICHARD GITHINJI','',1),(792,1811,'OMEDI','ANNE JAEL','',0),(793,1812,'WANJIRU','DAVID KARIRI','',0),(794,1813,'HARET','ABDINASSIR MOHAMED','',0),(795,1814,'SITIENEI','ERIC CHERUIYOT','',1),(796,1815,'NTHONGO','GETRUDE MUKEI','',0),(797,1816,'MUTUA','PETER WAMBUA','',1),(798,1817,'NJOROGE','ROBERT NJUGUNA','',0),(799,1818,'OKWANY','ANDREW OWINO','',1),(800,1819,'MDZOMBA','AGNES PAHE','',1),(801,1820,'ROTICH','SHEILA CHERONO','',1),(802,1821,'WEKESA','BEATRICE KHALAI','',0),(803,1822,'KASEMO','MARY NNGADE','',1),(804,1823,'CHERUIYOT','GRACE JEPKEMBOI','',0),(805,1824,'KIMINZA','GEORGE MUTUNGI','',1),(806,1825,'KAMANDE','KENNETH WAINAINA','',1),(807,1826,'MORANGA','DANSET MISITA','',1),(808,1827,'AMUKOCHE','SIMON BUKHALA','',1),(809,1828,'MUTEGI','DAVID MURIITHI','',0),(810,1829,'SAMBUL','HENRY AMGA','',0),(811,1830,'MWALUGHA','HELTAN MWALUKUMBI','',0),(812,1831,'MWAMBA','ALEX MOSIGISI','',1),(813,1832,'OWOUR','STEPHEN OCHIENG','',1),(814,1833,'BIRGEN','NELLY CHEMUTAI','',1),(815,1834,'ATITO','BERNARD OMONDI','',0),(816,1835,'HARE','JACOB RUWA','',0),(817,1836,'KUBOKA','ROSE MUTHEU','',1),(818,1837,'MOHAMUD','HASSAN MOHAMED','',0),(819,1838,'CHEPNGETICH','JACKLINE SIGEI','',0),(820,1839,'WAHOGO','BEATRICE WAGIO','',1),(821,1840,'MAKORI','EVANS MOUTI','',0),(822,1841,'MUTAI','NEWTON ','',0),(823,1842,'CHEBET','WINNY','',0),(824,1843,'KERUBO','LISMA MAKORI','',1),(825,1844,'NGOTHO','MARY WAIRIMU','',1),(826,1845,'KEMBOI','ANTIPAS KIPRONO','',0),(827,1846,'KAFAHAMU','JOSEPH BOJO','',1),(828,1847,'MUNENE','PAUL MWANGI','',0),(829,1848,'OLOLNGOJINE','ANNE NAISIAE','',0),(830,1849,'ONDIEKI','CAROLINE MOKEIRA','',0),(831,1851,'OSORO','DOREEN KENANGWA','',0),(832,1852,'MOISASI','FRANCIS MOINKET','',0),(833,1853,'KIPTANUI','CAROLINE JEBET','',0),(834,1855,'NYAMUMBO','ALEX MOGATA','',0),(835,1856,'NDIRITU','JANET WAIRIMU','',1),(836,1857,'NGENO','KIBYEGON JOHN','',0),(837,1858,'NJUKI','JAMES MUCHIRI','',1),(838,1859,'KIMITEI','ALLAN KIPKEMOI','',1),(839,1860,'MALUKI','JEAN KANYAA','',1),(840,1861,'ABEY','RUMANA ABDIWAHID','',0),(841,1862,'KAMAU','ANTHONY GATHEE','',1),(842,1863,'MATHEKA','STEPHEN MUANGE','',1),(843,1864,'SONGA','ELIVIS MWANGI','',1),(844,1865,'TONGI','CYPRIAN ONDIBA','',1),(845,1866,'SAWE','ERICK KIBET','',1),(846,1867,'ABDI','MOHAMUD ADEN','',1),(847,1868,'MUTHURI','JIM MUTWIRI','',1),(848,1869,'OBIERO','ANTONY HASWELL','',1),(849,1870,'OMBATI','MARIA-GORETTI NYARIKI','',0),(850,1871,'DERASO','ANNE ILLO','',0),(851,1872,'SAITABAU','ELIJAH TARAYIA','',0),(852,1873,'RAGE','HALIMA ','',0),(853,1874,'NYASANI','EMILY KEMUNTO','',1),(854,1875,'KIPTANUI','SYLVIA ','',1),(855,1876,'CHEPKOECH','IRENE ','',0),(856,1877,'SHEIKH','HARITH ISACK','',1),(857,1878,'ABDOW','ABDIKARIM IBRAHIM','',1),(858,1879,'NAIGUTA','SOLOMON TONKEI','',0),(859,1880,'ABDULLAH','ZEYANA MOHAMED','',0),(860,1881,'MARETE','JOHN KIRIMI','',1),(861,1882,'MASIROR','JERUTO ','',1),(862,1883,'BOSIRE','JUSTINE MOKOMBA','',1),(863,1884,'KITSAO','EDITH ZIGHE','',1),(864,1885,'LAGAT','BENEDICT JEPTANUI','',0),(865,1886,'KOMEN','MIRIAM JEPKEMOI','',0),(866,1887,'WAMAI','SAMUEL KARIUKI','',0),(867,1888,'BOWEN','PHILIP KIPKOSGEI','',0),(868,1889,'KARIUKI','ARTHUR NJUGUNA','',1),(869,1890,'ABDI','HALIMA AWES','',0),(870,1891,'OMBOGA','BONIFACE NYAMWEYA','',0),(871,1892,'KINOTI','KEVIN KAIMENYI','',0),(872,1893,'LAGAT','LEVI KIBET','',0),(873,1894,'KANJA','LEAH WANJIRU','',1),(874,1895,'KISANG','DAVID TOO','',0),(875,1896,'AGUTU','WYCLIFFE OMONDI','',0),(876,1897,'SIMAT','JOAN CHEMUTAI','',1),(877,1898,'KIBAGENDI','WINFRIDAH MAGANYA','',1),(878,1899,'WAINAINA','LAWRENCE NGANGA','',0),(879,1900,'ETYANG','IVINE AMOKOLA','',1),(880,1901,'MAALIM','ABDULHAMID MOHAMED','',1),(881,1902,'NJELI','PAUL VINCENT','',1),(882,1903,'TUM','FLORENCE YVONNE LYNE','',0),(883,1904,'JEPCHIRCHIR','JACKLINE ','',0),(884,1905,'ODHIAMBO','WILLIAM ','',1),(885,1906,'MAINYE','AMOS ANYONA','',0),(886,1907,'MABWA','HILLARY ERATIL','',0),(887,1908,'RIMBA','TEREZIA DZAME','',1),(888,1909,'KIBET','AMOS KIPTOO','',0),(889,1910,'SANYA','IMMACULATE ','',1),(890,1911,'NDUNDA','MOSES KYALO','',0),(891,1912,'KITAO','TANIA MONICA WANGOI','',0),(892,1913,'WACHIRA','COLLINS TAITI','',0),(893,1914,'TANUI','ABEL KIPNGETICH','',1),(894,1915,'OCHIENG','OLIVER OTIENO','',0),(895,1916,'CHERUIYOT','JULIUS ','',1),(896,1917,'KIHORO','JOYCE MUTHONI','',1),(897,1918,'KIBET','CARREY ','',0),(898,1919,'COPE','BONIFACE OMBOKI','',1),(899,1920,'KABALA','LEONE OCHINGWA','',1),(900,1921,'BIEGON','DOLPHINE CHEPNGETICH','',0),(901,1922,'KAZUNGU','CONSTANCE ZIGHE','',0),(902,1923,'MWANGI','LYDIA WANGUI','',0),(903,1924,'ABUYA','DOREEN BOSIBORI','',0),(904,1925,'RONO','DENNIES KIPLETING','',1),(905,1926,'BAITAIRI','JUMA KIBURI','',0),(906,1927,'SOLO','CHRISPINUS OJIAMBO','',1),(907,1928,'CHEGE','DORCAS WAITHERA','',0),(908,1929,'KURGAT','EVANS KIPKOSGEI','',0),(909,1930,'WAWERU','TABITHA NYAMBURA','',1),(910,1931,'OPONDO','EDWARD OTIENO','',1),(911,1932,'KETILI','KENNETH KIPKEMOI','',0),(912,1933,'NTHIGA','LINDA MUTHONI','',0),(913,1934,'BARNO','KENNEDY KIPCHUMBA','',0),(914,1935,'NKATHA','ANN ','',1),(915,1936,'ABDIKADIR','SAFIYA MUSTAFA','',0),(916,1937,'BUROMU','JOSEPH ABUGA','',1),(917,1938,'MAKENA','PURITY ','',1),(918,1939,'NYAKUNDI','GEOFFREY NYANDIKA','',0),(919,1940,'KOSKEI','FREDRIC KIMUTAI','',0),(920,1941,'NYAKUNDI','NANCY NYANCHAMA','',0),(921,1943,'OKETCH','LILIAN INDEKHWA','',0),(922,1944,'CHEPKORIR','SHARON ','',0),(923,1945,'NJUGUNA','ARNET WANJIRU','',0),(924,1946,'MANOTI','DANIEL RAGIRA','',0),(925,1947,'KOBIA','TIMOTHY MIRITI','',0),(926,1948,'NJERU','EVALYNE MURUGI','',1),(927,1949,'ROP','PHYLIS CHEPKOGEI','',0),(928,1950,'KEMEY','ELLROY KIPLAGAT','',1),(929,1951,'ONDIEKI','SUSAN GESARE','',0),(930,1952,'ODENY','BONNITA ALUOCH','',0),(931,1953,'ATERO','EDINAH MONYANGI','',0),(932,1954,'KINANGA','JARED NEWTON','',0),(933,1955,'MUTUA','PETRONILLA NGINA','',0),(934,1956,'TOO','CHARLES CHERUIYOT','',0),(935,1957,'KAWIRA','RUTH ','',1),(936,1958,'MWAMBIRE','EVERLYNE PENDO','',0),(937,1959,'RATEMO','WYCLIFFE MATOKE','',0),(938,1960,'OGOTI','MERCYLINE GESARE','',1),(939,1961,'MAITHA','ALBERT THOYA','',0),(940,1962,'NJERUH','JERRY NJIRU','',0),(941,1963,'ABDI','ABDISIRAT SAID','',0),(942,1964,'RONO','BONIFACE CHERUIYOT','',0),(943,1965,'RATEMO','CHRISTOPHER OMBEGA','',0),(944,1967,'KIPROTICH','JUSTINE KOSGEI','',0),(945,1968,'KOMBE','FESTUS YERI','',1),(946,1969,'OTIENO','BELINDA ANYANGO','',0),(947,1970,'NGULI','ELIZABETH MBALA','',1),(948,1971,'CHEMJOR','BRENDA CHEPKORIR','',0),(949,1972,'HUSSEIN','ABDIRIZACK AFTIN','',0),(950,1973,'KATTAM','GLADYS JEPKOGEI','',1),(951,1976,'ONDUSO','CALVIN OMARI','',1),(952,1977,'CHEPKOSKEI','SILVIA ','',0),(953,1978,'KIPCHUMBA','JAZZINE JEPTOO','',1),(954,1979,'CHEBIEGO','CONSTATINE JEMAIYO','',0),(955,1980,'WADE','MARY ATIENO','',1),(956,1981,'ADAN','MOHAMMED AHMED','',0),(957,1982,'CHESERGON','JUSTINE KIPRONO','',1),(958,1983,'EZEKIEL','GOFRED MSAFIRI','',1),(959,1985,'KANGOGO','KIPKEMOI ','',0),(960,1986,'NJERA','FRANCIS OJONGA','',0),(961,1987,'NYANAMBA','REUBEN CHANGE','',0),(962,1988,'OMAR','MOHAMED ABDIKADIR','',0),(963,1989,'MOHAMMED','FATMA ','',1),(964,1990,'MASOUD','FATUMA KHAMISI','',0),(965,1991,'MAGARE','RICHARD BICHAGE','',0),(966,1992,'NDUKU','NATHAN ABUYA','',0),(967,1993,'ABDIRAHMAN','HUSSEIN BILLOW','',0),(968,1994,'KONE','CHARLES SAITOTI','',1),(969,1995,'SHIARE','CONRAD MUTSOTSO','',0),(970,1996,'ABERI','AMOS ','',0),(971,1997,'MOHAMED','ROBLE ABDILLE','',1),(972,1998,'NYANCHAMA','LINET BITENGO','',1),(973,1999,'KARANJA','PURITY WAMBUI','',1),(974,2000,'KIOKO','JACINTA KOKI','',1),(975,2002,'RAYONS OWINO ONYANGO','','',1),(976,2003,'LANGAT KIPNGENO PETER','','',1),(977,2004,'ABDIRASHID MAHAMED OMAR','','',1),(978,2005,'WILLIAM KEERU KIMARU','','',1),(979,2006,'MOHAMED KHALIF ADAN','','',0),(980,2007,'VINCENT MULI MBUVI','','',1),(981,2008,'OGECHI MESHACK NYAKWARA','','',1),(982,2009,'CYPRIAN KIPRONO MENGICH','','',1),(983,2010,'RUUDVAN IHA KIRAO','','',1),(984,2011,'HUMPHREY OKAKA ONYANGO','','',1),(985,2012,'VALERIE MASARANGA KERUBO','','',1),(986,2013,'JOYCE WANGECI WANJIRU','','',1),(987,2014,'JAPHETH KIPTOO SANG','','',1),(988,2015,'SHEILA KEMBOI','','',1),(989,2016,'KOBUR KIPLANGAT NGENO','','',1),(990,2017,'SAMUEL GACHAHI GATHONDU','','',0),(991,2018,'FATUMA YAHYA MOHAMED','','',1),(992,2019,'ABUKAR NOOR MOHAMED','','',1),(993,2020,'SHEILA NZILANI KACHILA','','',1),(994,2021,'RUTH MORAA KERAGE','','',1),(995,2022,'LENSER AWOUR OTIENO','','',0),(996,2023,'LAWRENCE BENJAMIN MALIT','','',1),(997,2024,'CHRISTINE REBECCA OCHWERI','','',1),(998,2025,'AMAL SAID ABDUN','','',1),(999,2026,'VERONICA WANGECHI NDUNGU','','',1),(1000,2027,'STEPHEN ACHIA LOGWAT','','',1),(1001,2028,'LOPONGE KIPKORIR JAMES','','',0),(1002,2029,'KEN GITONGA NKIIRI','','',0),(1003,2030,'JARED ONGORO MANGARO','','',1),(1004,2031,'AMON CHERUIYOT KOSGEI','','',1),(1005,2032,'NYABOE STEPHANIE ONYANCHA','','',0),(1006,2034,'NELLY CHEPKORIR MARINDANY','','',1),(1007,2035,'GEOFFREY OMWENGA NYERERE','','',1),(1008,2036,'PATRICIA ROTICH','','',1),(1009,2037,'ABDIKHALAQ ABDIRAHMAN NUR','','',1),(1010,2038,'PASCALIA NYABOKE','','',1),(1011,2039,'ABDIKALIF ABDIQAFAR','','',0);
/*!40000 ALTER TABLE `members` ENABLE KEYS */;
UNLOCK TABLES;

--
-- Table structure for table `poll_options`
--

DROP TABLE IF EXISTS `poll_options`;
/*!40101 SET @saved_cs_client     = @@character_set_client */;
/*!40101 SET character_set_client = utf8 */;
CREATE TABLE `poll_options` (
  `id` int(11) NOT NULL AUTO_INCREMENT,
  `poll_id` int(11) NOT NULL,
  `name` varchar(255) COLLATE utf8_unicode_ci NOT NULL,
  `created` datetime NOT NULL,
  `modified` datetime NOT NULL,
  `status` enum('1','0') COLLATE utf8_unicode_ci NOT NULL DEFAULT '1',
  PRIMARY KEY (`id`),
  KEY `poll_id` (`poll_id`)
) ENGINE=InnoDB AUTO_INCREMENT=104 DEFAULT CHARSET=utf8 COLLATE=utf8_unicode_ci;
/*!40101 SET character_set_client = @saved_cs_client */;

--
-- Dumping data for table `poll_options`
--

LOCK TABLES `poll_options` WRITE;
/*!40000 ALTER TABLE `poll_options` DISABLE KEYS */;
INSERT INTO `poll_options` (`id`, `poll_id`, `name`, `created`, `modified`, `status`) VALUES (3,2,'UBORA HOUSE','2018-08-28 00:00:00','2018-08-28 00:00:00','1'),(4,3,'VIWANGO PLAZA','2018-08-28 00:00:00','2018-08-28 00:00:00','1'),(5,4,'KEBS TOWERS','2018-08-28 00:00:00','2018-08-28 00:00:00','1'),(6,5,'KEBS UBORA HOUSE','2018-08-28 00:00:00','2018-08-28 00:00:00','1'),(7,6,'KIWANGO BUILDING                                            ','2018-08-28 00:00:00','2018-08-28 00:00:00','1'),(8,7,'KIWANGO COMPLEX','2018-08-28 00:00:00','2018-08-28 00:00:00','1'),(9,8,'STANDARDS PLAZA','2018-08-28 00:00:00','2018-08-28 00:00:00','1'),(10,9,'UBORA WA BIDHAA CENTRE','2018-08-28 00:00:00','2018-08-28 00:00:00','1'),(11,10,'MOMBASA QUALITY COMPLEX','2018-08-28 00:00:00','2018-08-28 00:00:00','1'),(12,11,'THE STANDARDS PLAZA','2018-08-28 00:00:00','2018-08-28 00:00:00','1'),(13,12,'THABITI PLAZA                                        ','2018-08-28 00:00:00','2018-08-28 00:00:00','1'),(14,13,'UDHIBITI PLAZA                                                 ','2018-08-28 00:00:00','2018-08-28 00:00:00','1'),(15,14,'SANIFISHA PLAZA                                                ','2018-08-28 00:00:00','2018-08-28 00:00:00','1'),(16,15,'UKAGUZI PLAZA    ','2018-08-28 00:00:00','2018-08-28 00:00:00','1'),(17,16,'THABITI HOUSE                                        ','2018-08-28 00:00:00','2018-08-28 00:00:00','1'),(18,17,'UDHIBITI HOUSE                                                ','2018-08-28 00:00:00','2018-08-28 00:00:00','1'),(19,18,'SANIFISHA HOUSE                                               ','2018-08-28 00:00:00','2018-08-28 00:00:00','1'),(20,19,'UKAGUZI HOUSE          ','2018-08-28 00:00:00','2018-08-28 00:00:00','1'),(21,20,'UBORA WA BIDHAA                                    ','2018-08-28 00:00:00','2018-08-28 00:00:00','1'),(22,21,'QUALITY HOUSE','2018-08-28 00:00:00','2018-08-28 00:00:00','1'),(23,22,'VIWANGO NA UBORA HOUSE','2018-08-28 00:00:00','2018-08-28 00:00:00','1'),(24,23,'UBORA PLAZA','2018-08-28 00:00:00','2018-08-28 00:00:00','1'),(25,24,'KEBS PLAZA','2018-08-28 00:00:00','2018-08-28 00:00:00','1'),(26,25,'STANDARDS  TOWERS','2018-08-28 00:00:00','2018-08-28 00:00:00','1'),(27,26,'QUALITY CENTRE HOUSE                                                                ','2018-08-28 00:00:00','2018-08-28 00:00:00','1'),(28,27,'SUNSHINE WATER','2018-08-28 00:00:00','2018-08-28 00:00:00','1'),(29,28,'BORA HOUSE                                                        ','2018-08-28 00:00:00','2018-08-28 00:00:00','1'),(30,29,'BORA CENTRE','2018-08-28 00:00:00','2018-08-28 00:00:00','1'),(31,30,'VIWANGO VYA UBORA HOUSE','2018-08-28 00:00:00','2018-08-28 00:00:00','1'),(32,31,'STANDARDIZATION PLAZA                                          ','2018-08-28 00:00:00','2018-08-28 00:00:00','1'),(33,32,'QUALITY PLAZA','2018-08-28 00:00:00','2018-08-28 00:00:00','1'),(34,33,'CONFORMITY CENTRE                                                            ','2018-08-28 00:00:00','2018-08-28 00:00:00','1'),(35,34,'CONFORMITY HOUSE','2018-08-28 00:00:00','2018-08-28 00:00:00','1'),(36,35,'UBORA HOUSE                                                                               ','2018-08-28 00:00:00','2018-08-28 00:00:00','1'),(37,36,'PWANI UBORA HOUSE','2018-08-28 00:00:00','2018-08-28 00:00:00','1'),(38,37,'VIWANGO BORA HOUSE','2018-08-28 00:00:00','2018-08-28 00:00:00','1'),(39,38,'QUALITY LIFE CENTRE','2018-08-28 00:00:00','2018-08-28 00:00:00','1'),(40,39,'VIWANGO HOUSE','2018-08-28 00:00:00','2018-08-28 00:00:00','1'),(41,40,'UBORA HOUSE                                                                    ','2018-08-28 00:00:00','2018-08-28 00:00:00','1'),(42,41,'UBORA PLAZA                                                                          ','2018-08-28 00:00:00','2018-08-28 00:00:00','1'),(43,42,'UBORA TOWER','2018-08-28 00:00:00','2018-08-28 00:00:00','1'),(44,43,'VIWANGO BUILDING','2018-08-28 00:00:00','2018-08-28 00:00:00','1'),(45,44,'UBORA COMPLEX','2018-08-28 00:00:00','2018-08-28 00:00:00','1'),(46,45,'UBORA BUILDING                                                       ','2018-08-28 00:00:00','2018-08-28 00:00:00','1'),(47,46,'STANDARD HOUSE','2018-08-28 00:00:00','2018-08-28 00:00:00','1'),(48,47,'THE STANDARDS BUILDING                                    ','2018-08-28 00:00:00','2018-08-28 00:00:00','1'),(49,48,'THE STANDARDS HOUSE                                    ','2018-08-28 00:00:00','2018-08-28 00:00:00','1'),(50,49,'COAST BIDHAA BORA HOUSE                                    ','2018-08-28 00:00:00','2018-08-28 00:00:00','1'),(51,50,'NEW COAST QUALITY HOUSE                                        ','2018-08-28 00:00:00','2018-08-28 00:00:00','1'),(52,51,'COAST SHIRIKA LA BIDHAA HOUSE','2018-08-28 00:00:00','2018-08-28 00:00:00','1'),(53,52,'UKAGUZI HOUSE','2018-08-28 00:00:00','2018-08-28 00:00:00','1'),(54,53,'HOUSE OF STANDARDS','2018-08-28 00:00:00','2018-08-28 00:00:00','1'),(55,54,'VIWANGO TOWERS','2018-08-28 00:00:00','2018-08-28 00:00:00','1'),(56,55,'LIFE CARE PLAZA','2018-08-28 00:00:00','2018-08-28 00:00:00','1'),(57,56,'VIWANGO IVY BUILDING','2018-08-28 00:00:00','2018-08-28 00:00:00','1'),(58,57,'STATUS TOWERS                                                        ','2018-08-28 00:00:00','2018-08-28 00:00:00','1'),(59,58,'CONFORMITY HOUSE                                                       ','2018-08-28 00:00:00','2018-08-28 00:00:00','1'),(60,59,'USAWA TOWERS   ','2018-08-28 00:00:00','2018-08-28 00:00:00','1'),(61,60,'USAWA HOUSE                                                    ','2018-08-28 00:00:00','2018-08-28 00:00:00','1'),(62,61,'UKADIRI HOUSE                                                                               ','2018-08-28 00:00:00','2018-08-28 00:00:00','1'),(63,62,'PWANI VIWANGO HOUSE','2018-08-28 00:00:00','2018-08-28 00:00:00','1'),(64,63,'KEBS MOMBASAPLEX','2018-08-28 00:00:00','2018-08-28 00:00:00','1'),(65,64,'CHUMBA LA TASISI YA VIWANGO - MOMBASA','2018-08-28 00:00:00','2018-08-28 00:00:00','1'),(66,65,'KEBS COMPLEX','2018-08-28 00:00:00','2018-08-28 00:00:00','1'),(67,66,'VIWANGO HOUSE                                                     ','2018-08-28 00:00:00','2018-08-28 00:00:00','1'),(68,67,'JUMBA LA VIWANGO','2018-08-28 00:00:00','2018-08-28 00:00:00','1'),(69,68,'STANDARDS TOWERS','2018-08-28 00:00:00','2018-08-28 00:00:00','1'),(70,69,'JUMBA LA VIWANGO VYA UBORA                                                               ','2018-08-28 00:00:00','2018-08-28 00:00:00','1'),(71,70,'KEBS COAST TOWERS','2018-08-28 00:00:00','2018-08-28 00:00:00','1'),(72,71,'QUALITY  HOUSE','2018-08-28 00:00:00','2018-08-28 00:00:00','1'),(73,72,'KEBS APEX I PLAZA                                                     ','2018-08-28 00:00:00','2018-08-28 00:00:00','1'),(74,73,'KEBS APEX SQUARE','2018-08-28 00:00:00','2018-08-28 00:00:00','1'),(75,74,'KEBS PWANI HOUSE','2018-08-28 00:00:00','2018-08-28 00:00:00','1'),(76,75,'UKAGUZI WA UBORA WA BIDHAA PLAZA','2018-08-28 00:00:00','2018-08-28 00:00:00','1'),(77,76,'STANDARDS COAST COMPLEX','2018-08-28 00:00:00','2018-08-28 00:00:00','1'),(78,77,'MAKAO YA VIWANGO PLAZA','2018-08-28 00:00:00','2018-08-28 00:00:00','1'),(79,78,'KEBS MOMBASA PLAZA','2018-08-28 00:00:00','2018-08-28 00:00:00','1'),(80,79,'THE HOME OF STANDARDS TOWERS','2018-08-28 00:00:00','2018-08-28 00:00:00','1'),(81,80,'QUALITY STANDARDS CENTRE','2018-08-28 00:00:00','2018-08-28 00:00:00','1'),(82,81,'THE STANDARDS COMPLEX','2018-08-28 00:00:00','2018-08-28 00:00:00','1'),(83,82,'THE STANDARDS HEIGHTS','2018-08-28 00:00:00','2018-08-28 00:00:00','1'),(84,83,'CHUMBA CHA VIWANGO                                       ','2018-08-28 00:00:00','2018-08-28 00:00:00','1'),(85,84,'VIWANGO HOUSE                                                      ','2018-08-28 00:00:00','2018-08-28 00:00:00','1'),(86,85,'GHOROFA LA VIWANGO','2018-08-28 00:00:00','2018-08-28 00:00:00','1'),(87,86,'VIWANGO HOUSE                                                       ','2018-08-28 00:00:00','2018-08-28 00:00:00','1'),(88,87,'UKAGUZI HOUSE                                                         ','2018-08-28 00:00:00','2018-08-28 00:00:00','1'),(89,88,'KIPIMO HOUSE','2018-08-28 00:00:00','2018-08-28 00:00:00','1'),(90,89,'COAST STANDARDS HOUSE','2018-08-28 00:00:00','2018-08-28 00:00:00','1'),(91,90,'QUALITY PLAZA                                       ','2018-08-28 00:00:00','2018-08-28 00:00:00','1'),(92,91,'STANDARDS PLAZA','2018-08-28 00:00:00','2018-08-28 00:00:00','1'),(93,92,'UBORA YA BIDHAA PLAZA                                               ','2018-08-28 00:00:00','2018-08-28 00:00:00','1'),(94,93,'OFISI YA VIWANGO PLAZA                                 ','2018-08-28 00:00:00','2018-08-28 00:00:00','1'),(95,94,'KEBS MOMBASA TOWER','2018-08-28 00:00:00','2018-08-28 00:00:00','1'),(96,95,'BUREAU HOUSE','2018-08-28 00:00:00','2018-08-28 00:00:00','1'),(97,96,'HAKIKA TOWER','2018-08-28 00:00:00','2018-08-28 00:00:00','1'),(98,97,'STANDARDIZATION HOUSE                                   ','2018-08-28 00:00:00','2018-08-28 00:00:00','1'),(99,98,'KEBS HUB                                                                             ','2018-08-28 00:00:00','2018-08-28 00:00:00','1'),(100,99,'TESTING COMPLEX                                                                   ','2018-08-28 00:00:00','2018-08-28 00:00:00','1'),(101,100,'QUALITY AND  HEALTH BUILDING','2018-08-28 00:00:00','2018-08-28 00:00:00','1'),(102,101,'QUALITY TOWERS ','2018-08-28 00:00:00','2018-08-28 00:00:00','1'),(103,102,'STANDARDS TOWERS','2018-08-28 00:00:00','2018-08-28 00:00:00','1');
/*!40000 ALTER TABLE `poll_options` ENABLE KEYS */;
UNLOCK TABLES;

--
-- Table structure for table `poll_votes`
--

DROP TABLE IF EXISTS `poll_votes`;
/*!40101 SET @saved_cs_client     = @@character_set_client */;
/*!40101 SET character_set_client = utf8 */;
CREATE TABLE `poll_votes` (
  `id` int(11) NOT NULL AUTO_INCREMENT,
  `member_id` int(11) NOT NULL,
  `poll_option_id` int(11) NOT NULL,
  `vote_count` bigint(10) NOT NULL,
  `ip_address` text COLLATE utf8_unicode_ci NOT NULL,
  PRIMARY KEY (`id`),
  KEY `poll_id` (`member_id`),
  KEY `poll_option_id` (`poll_option_id`)
) ENGINE=InnoDB AUTO_INCREMENT=326 DEFAULT CHARSET=utf8 COLLATE=utf8_unicode_ci;
/*!40101 SET character_set_client = @saved_cs_client */;

--
-- Dumping data for table `poll_votes`
--

LOCK TABLES `poll_votes` WRITE;
/*!40000 ALTER TABLE `poll_votes` DISABLE KEYS */;
INSERT INTO `poll_votes` (`id`, `member_id`, `poll_option_id`, `vote_count`, `ip_address`) VALUES (1,1843,90,1,'197.156.139.206'),(2,1739,25,1,'154.70.35.44'),(3,1512,90,1,'62.24.113.17'),(4,1777,90,1,'62.24.113.17'),(5,1846,78,1,'197.156.139.206'),(6,1434,90,1,'62.24.113.17'),(7,1864,53,1,'197.156.139.206'),(8,1703,43,1,'197.156.139.206'),(9,2025,54,1,'197.156.139.206'),(10,1779,71,1,'62.24.113.17'),(11,1983,0,1,'62.24.113.17'),(12,1590,78,1,'62.24.113.17'),(13,1278,6,1,'197.156.139.206'),(14,1728,5,1,'62.24.113.17'),(15,1874,5,1,'197.156.139.206'),(16,1938,98,1,'154.76.215.44'),(17,1255,0,1,'105.49.30.78'),(18,1586,98,1,'154.76.215.44'),(19,652,98,1,'154.76.215.44'),(20,1669,66,1,'62.24.113.17'),(21,1753,24,1,'197.156.139.206'),(22,1754,42,1,'197.156.139.206'),(23,1187,42,1,'197.156.139.206'),(24,1287,24,1,'197.156.139.206'),(25,1755,42,1,'197.156.139.206'),(26,1301,4,1,'41.90.126.74'),(27,1474,25,1,'197.156.139.206'),(28,1570,66,1,'62.24.113.17'),(29,1760,79,1,'62.24.113.17'),(30,1256,63,1,'197.156.139.206'),(31,1759,3,1,'197.232.18.218'),(32,2035,103,1,'197.156.139.206'),(33,2005,88,1,'62.24.113.17'),(34,1822,9,1,'197.156.139.206'),(35,1495,45,1,'62.24.113.17'),(36,1067,70,1,'197.237.32.238'),(37,1976,5,1,'62.24.113.17'),(38,1618,95,1,'62.24.113.17'),(39,1659,25,1,'197.156.139.206'),(40,1470,69,1,'62.24.113.17'),(41,2031,96,1,'62.24.113.17'),(42,1707,12,1,'197.232.61.230'),(43,1459,9,1,'197.232.61.230'),(44,1919,12,1,'197.232.61.230'),(45,0,12,1,'197.232.61.230'),(46,2023,12,1,'197.232.61.230'),(47,1836,12,1,'62.24.113.17'),(48,1973,12,1,'196.96.145.231'),(49,1780,72,1,'197.156.139.206'),(50,1763,56,1,'197.156.139.206'),(51,1866,49,1,'197.156.139.206'),(52,1970,76,1,'197.156.139.206'),(53,1825,11,1,'105.61.233.111'),(54,905,95,1,'62.24.113.17'),(55,660,27,1,'62.24.113.17'),(56,919,87,1,'197.156.139.206'),(57,1224,81,1,'62.24.113.17'),(58,1758,80,1,'197.156.139.206'),(59,2030,77,1,'62.24.113.17'),(60,2015,54,1,'62.24.113.17'),(61,1882,34,1,'62.24.113.17'),(62,2003,25,1,'62.24.113.17'),(63,2012,34,1,'62.24.113.17'),(64,1403,95,1,'62.24.113.17'),(65,1681,67,1,'62.24.113.17'),(66,1957,85,1,'62.24.113.17'),(67,1807,89,1,'62.24.113.17'),(68,1708,9,1,'41.90.4.68'),(69,1808,92,1,'197.156.139.206'),(70,1519,68,1,'62.24.113.17'),(71,1324,6,1,'197.156.139.206'),(72,760,60,1,'197.156.139.206'),(73,1304,5,1,'197.156.139.206'),(74,1438,5,1,'197.156.139.206'),(75,945,98,1,'197.156.139.206'),(76,368,98,1,'197.156.139.206'),(77,1034,98,1,'197.156.139.206'),(78,1737,55,1,'197.237.253.176'),(79,1397,98,1,'197.156.139.206'),(80,1015,5,1,'197.156.139.206'),(81,1420,5,1,'197.156.139.206'),(82,1216,98,1,'197.156.139.206'),(83,1425,98,1,'197.156.139.206'),(84,1426,98,1,'62.24.113.17'),(85,1816,9,1,'197.156.139.206'),(86,1914,27,1,'62.24.113.17'),(87,1603,3,1,'197.156.139.206'),(88,1653,98,1,'154.76.73.61'),(89,1451,9,1,'197.156.139.206'),(90,1596,12,1,'197.156.139.206'),(91,1881,102,1,'62.24.113.17'),(92,1862,5,1,'62.24.113.17'),(93,1889,95,1,'62.24.113.17'),(94,1316,10,1,'197.156.139.206'),(95,2026,79,1,'62.24.113.17'),(96,1332,65,1,'62.24.113.17'),(97,1814,33,1,'62.24.113.17'),(98,1385,45,1,'62.24.113.17'),(99,1666,79,1,'197.156.139.206'),(100,1762,5,1,'197.156.139.206'),(101,2009,49,1,'197.156.139.206'),(102,1509,66,1,'62.24.112.131'),(103,1365,97,1,'62.24.113.17'),(104,1883,85,1,'62.24.113.17'),(105,902,0,1,'197.156.139.206'),(106,1356,5,1,'197.156.139.206'),(107,1490,47,1,'197.156.139.206'),(108,1306,8,1,'62.24.113.17'),(109,1639,26,1,'62.24.113.17'),(110,1788,9,1,'197.156.139.206'),(111,1455,25,1,'62.24.113.17'),(112,305,5,1,'197.156.139.206'),(113,1155,66,1,'62.24.113.17'),(114,1508,71,1,'62.24.113.17'),(115,1198,10,1,'62.24.113.17'),(116,1616,98,1,'154.76.73.61'),(117,1897,5,1,'197.156.139.206'),(118,1856,87,1,'197.156.139.206'),(119,1542,3,1,'197.156.139.206'),(120,1826,103,1,'197.156.139.206'),(121,926,25,1,'62.24.113.17'),(122,1405,64,1,'62.24.113.17'),(123,729,95,1,'62.24.113.17'),(124,2008,99,1,'62.24.113.17'),(125,1264,5,1,'62.24.113.17'),(126,1673,98,1,'154.76.73.61'),(127,1725,98,1,'154.76.73.61'),(128,1253,67,1,'154.122.25.0'),(129,2010,71,1,'62.24.113.17'),(130,1505,93,1,'62.24.113.17'),(131,686,88,1,'197.156.139.206'),(132,1359,4,1,'197.156.139.206'),(133,1388,75,1,'197.181.255.153'),(134,1818,53,1,'62.24.113.17'),(135,933,103,1,'62.24.113.17'),(136,1865,88,1,'62.24.113.17'),(137,1901,53,1,'62.24.113.17'),(138,1860,88,1,'62.24.113.17'),(139,1747,98,1,'154.76.84.182'),(140,1008,5,1,'62.24.113.17'),(141,1650,88,1,'62.24.113.17'),(142,1894,0,1,'154.76.84.182'),(143,1804,88,1,'62.24.113.17'),(144,1902,88,1,'62.24.113.17'),(145,1920,88,1,'62.24.113.17'),(146,1819,5,1,'197.156.139.206'),(147,1702,53,1,'197.156.139.206'),(148,1859,88,1,'197.156.139.206'),(149,1858,88,1,'197.156.139.206'),(150,1868,88,1,'197.156.139.206'),(151,1647,97,1,'197.156.139.206'),(152,1869,88,1,'197.156.139.206'),(153,1583,91,1,'62.24.113.17'),(154,1878,39,1,'62.24.112.131'),(155,1930,5,1,'196.96.153.72'),(156,1800,88,1,'62.24.113.17'),(157,1467,5,1,'196.96.153.72'),(158,1832,88,1,'62.24.113.17'),(159,1734,5,1,'196.96.153.72'),(160,1863,88,1,'62.24.113.17'),(161,1567,0,1,'154.76.84.182'),(162,1593,70,1,'197.156.139.206'),(163,466,5,1,'196.96.153.72'),(164,574,98,1,'154.76.84.182'),(165,1925,0,1,'154.76.84.182'),(166,1900,88,1,'197.156.139.206'),(167,1726,5,1,'196.96.153.72'),(168,1727,98,1,'154.76.84.182'),(169,1905,88,1,'197.156.139.206'),(170,510,0,1,'154.76.84.182'),(171,1908,88,1,'197.156.139.206'),(172,1910,88,1,'197.156.139.206'),(173,2000,91,1,'197.156.139.206'),(174,1950,88,1,'197.156.139.206'),(175,735,25,1,'197.156.139.206'),(176,609,5,1,'196.96.153.72'),(177,2020,88,1,'62.24.113.17'),(178,1867,5,1,'196.96.153.72'),(179,2037,88,1,'62.24.113.17'),(180,2027,88,1,'62.24.113.17'),(181,1875,5,1,'196.96.153.72'),(182,1898,5,1,'196.96.153.72'),(183,1718,5,1,'196.96.153.72'),(184,2038,88,1,'196.107.14.151'),(185,572,3,1,'62.24.113.17'),(186,1797,103,1,'105.165.142.166'),(187,1269,0,1,'197.156.139.206'),(188,619,85,1,'62.24.113.17'),(189,1968,71,1,'197.156.139.206'),(190,2021,49,1,'197.156.139.206'),(191,1163,3,1,'41.212.7.6'),(192,1677,3,1,'197.156.139.206'),(193,1309,3,1,'196.207.183.24'),(194,1391,5,1,'41.80.197.159'),(195,1937,0,1,'196.106.207.64'),(196,1792,0,1,'154.77.169.15'),(197,1606,71,1,'197.181.137.188'),(198,1526,4,1,'196.111.178.94'),(199,1382,9,1,'196.111.178.94'),(200,1764,0,1,'197.179.99.226'),(201,1587,60,1,'197.179.99.226'),(202,1535,60,1,'197.179.99.226'),(203,1500,60,1,'197.179.99.226'),(204,1018,103,1,'197.179.99.226'),(205,1341,60,1,'197.179.99.226'),(206,1045,60,1,'197.179.99.226'),(207,1521,67,1,'197.182.250.88'),(208,1600,66,1,'197.237.126.120'),(209,1783,22,1,'41.80.71.140'),(210,2024,4,1,'105.231.159.15'),(211,1620,25,1,'196.107.168.201'),(212,1709,66,1,'105.162.112.103'),(213,1314,41,1,'105.165.118.202'),(214,1206,97,1,'154.70.46.53'),(215,1998,5,1,'105.231.145.235'),(216,1931,75,1,'197.156.139.206'),(217,1927,75,1,'197.156.139.206'),(218,1012,40,1,'197.180.254.7'),(219,1809,40,1,'196.207.153.207'),(220,1765,66,1,'105.231.180.16'),(221,1935,75,1,'197.156.139.206'),(222,1960,66,1,'154.122.93.180'),(223,1824,79,1,'197.156.139.206'),(224,547,75,1,'197.156.139.206'),(225,1468,91,1,'62.24.113.17'),(226,1551,5,1,'154.79.6.7'),(227,2018,88,1,'62.24.113.17'),(228,2013,88,1,'62.24.113.17'),(229,1701,53,1,'62.24.113.17'),(230,858,3,1,'62.24.113.17'),(231,2036,0,1,'197.156.139.206'),(232,1806,95,1,'197.156.139.206'),(233,1518,73,1,'197.156.139.206'),(234,1030,0,1,'197.156.139.206'),(235,1429,87,1,'197.183.70.1'),(236,1884,78,1,'62.24.113.17'),(237,1559,0,1,'197.156.139.206'),(238,1452,79,1,'197.156.139.206'),(239,528,4,1,'197.156.139.206'),(240,631,10,1,'197.156.139.206'),(241,1485,5,1,'62.24.113.17'),(242,1833,53,1,'62.24.113.17'),(243,2034,77,1,'154.78.47.240'),(244,1345,75,1,'41.90.5.198'),(245,1810,88,1,'197.156.139.206'),(246,1839,88,1,'197.156.139.206'),(247,1143,79,1,'62.24.113.17'),(248,1691,88,1,'62.24.113.17'),(249,536,88,1,'197.156.139.206'),(250,1917,79,1,'154.77.211.62'),(251,1916,77,1,'154.76.128.1'),(252,1719,79,1,'154.78.67.248'),(253,911,0,1,'62.24.113.17'),(254,2007,5,1,'197.156.139.206'),(255,2016,40,1,'196.108.197.157'),(256,1571,4,1,'196.97.81.131'),(257,1366,5,1,'197.155.74.42'),(258,780,40,1,'197.232.61.208'),(259,1568,25,1,'105.230.111.152'),(260,1831,5,1,'197.156.139.206'),(261,1544,40,1,'62.24.113.17'),(262,2019,88,1,'197.156.139.206'),(263,1605,88,1,'197.156.139.206'),(264,1501,88,1,'197.156.139.206'),(265,1503,88,1,'197.156.139.206'),(266,1528,88,1,'197.156.139.206'),(267,1540,88,1,'197.156.139.206'),(268,1489,88,1,'62.24.113.17'),(269,1312,88,1,'62.24.113.17'),(270,1325,88,1,'62.24.113.17'),(271,1329,88,1,'62.24.113.17'),(272,1436,88,1,'62.24.113.17'),(273,1472,88,1,'62.24.113.17'),(274,1534,88,1,'62.24.113.17'),(275,1477,88,1,'197.156.139.206'),(276,1581,76,1,'62.24.113.17'),(277,1447,76,1,'197.156.139.206'),(278,1488,76,1,'62.24.113.17'),(279,1569,76,1,'62.24.113.17'),(280,1999,76,1,'197.156.139.206'),(281,2002,76,1,'197.156.139.206'),(282,1997,76,1,'197.156.139.206'),(283,1978,76,1,'197.156.139.206'),(284,1982,76,1,'197.156.139.206'),(285,1652,76,1,'197.156.139.206'),(286,651,76,1,'197.156.139.206'),(287,936,76,1,'62.24.113.17'),(288,2004,76,1,'62.24.113.17'),(289,1265,76,1,'197.156.139.206'),(290,1261,76,1,'197.156.139.206'),(291,1654,76,1,'197.156.139.206'),(292,1658,76,1,'197.156.139.206'),(293,1113,76,1,'197.156.139.206'),(294,1547,76,1,'197.156.139.206'),(295,1784,76,1,'197.156.139.206'),(296,1482,76,1,'62.24.113.17'),(297,2011,76,1,'62.24.113.17'),(298,2014,76,1,'197.156.139.206'),(299,1422,76,1,'197.156.139.206'),(300,913,76,1,'197.156.139.206'),(301,1395,76,1,'197.156.139.206'),(302,1116,76,1,'62.24.113.17'),(303,1980,76,1,'62.24.113.17'),(304,1465,76,1,'62.24.113.17'),(305,1575,76,1,'62.24.113.17'),(306,1475,76,1,'197.156.139.206'),(307,1376,76,1,'62.24.113.17'),(308,1302,76,1,'62.24.113.17'),(309,1989,76,1,'62.24.113.17'),(310,1689,76,1,'197.156.139.206'),(311,1877,76,1,'197.156.139.206'),(312,965,76,1,'41.90.63.13'),(313,1478,76,1,'41.90.63.13'),(314,1789,76,1,'41.90.63.13'),(315,1827,3,1,'41.90.89.3'),(316,1820,3,1,'41.90.89.3'),(317,1195,40,1,'197.156.139.206'),(318,1506,5,1,'197.156.139.206'),(319,1994,1,1,'154.77.171.152'),(320,1428,90,1,'62.24.113.17'),(321,1331,23,1,'62.24.113.17'),(322,1844,88,1,'62.24.113.17'),(323,1002,93,1,'154.122.140.184'),(324,845,21,1,'197.156.139.206'),(325,1948,67,1,'197.156.139.206');
/*!40000 ALTER TABLE `poll_votes` ENABLE KEYS */;
UNLOCK TABLES;

--
-- Dumping events for database 'kebs_kebspoll'
--

--
-- Dumping routines for database 'kebs_kebspoll'
--
/*!40103 SET TIME_ZONE=@OLD_TIME_ZONE */;

/*!40101 SET SQL_MODE=@OLD_SQL_MODE */;
/*!40014 SET FOREIGN_KEY_CHECKS=@OLD_FOREIGN_KEY_CHECKS */;
/*!40014 SET UNIQUE_CHECKS=@OLD_UNIQUE_CHECKS */;
/*!40101 SET CHARACTER_SET_CLIENT=@OLD_CHARACTER_SET_CLIENT */;
/*!40101 SET CHARACTER_SET_RESULTS=@OLD_CHARACTER_SET_RESULTS */;
/*!40101 SET COLLATION_CONNECTION=@OLD_COLLATION_CONNECTION */;
/*!40111 SET SQL_NOTES=@OLD_SQL_NOTES */;

-- Dump completed on 2018-11-07 12:42:17
